"Supply site","No SI","Vendor"
"NDC HCI jababeka","260113D081","AJSJ"
"NDC HCI jababeka","260113D082","AJSJ"
"NDC HCI jababeka","260113D083","AJSJ"
"NDC HCI jababeka","260113D085","AJSJ"
"NDC HCI jababeka","260113D087","AJSJ"
"NDC HCI jababeka","260113D088","AJSJ"
"NDC HCI jababeka","260331T033","PB-PORT TO DOOR"
"NDC HCI jababeka","260331T034","PB-PORT TO DOOR"
"NDC HCI jababeka","260403T031","PB-PORT TO DOOR"
"NDC HCI jababeka","260330H043","PB-PORT TO DOOR"
"NDC HCI jababeka","260404T027","PB-PORT TO DOOR"
"NDC HCI jababeka","260404T028","PB-PORT TO DOOR"
"NDC HCI jababeka","260407T063","PB-PORT TO DOOR"
"NDC HCI jababeka","260407T065","PB-PORT TO DOOR"
"NDC HCI jababeka","260404H069","CGS-DOOR TO POR"
"NDC HCI jababeka","260404T065","CGS-DOOR TO POR"
"NDC HCI jababeka","260404T066","CGS-DOOR TO POR"
"NDC HCI jababeka","260406T048","CGS-DOOR TO POR"
"NDC HCI jababeka","260406T049","CGS-DOOR TO POR"
"NDC HCI jababeka","260406T050","CGS-DOOR TO POR"
"NDC HCI jababeka","260407T010","PB-PORT TO DOOR"
"NDC HCI jababeka","260407T053","PB-PORT TO DOOR"
"NDC HCI jababeka","260407T064","PB-PORT TO DOOR"
"NDC HCI jababeka","260407T066","CGS-DOOR TO POR"
"NDC HCI jababeka","260407T067","CGS-DOOR TO POR"
"NDC HCI jababeka","260407T068","CGS-DOOR TO POR"
"NDC HCI jababeka","260408T072","CGS-DOOR TO POR"
"NDC HCI jababeka","260408T073","CGS-DOOR TO POR"
"NDC HCI jababeka","260408T012","PB-PORT TO DOOR"
"NDC HCI jababeka","260408T066","PB-PORT TO DOOR"
"NDC HCI jababeka","260408T071","CGS-DOOR TO POR"
"NDC HCI jababeka","260409T021","PB-PORT TO DOOR"
"NDC HCI jababeka","260409T031","PB-PORT TO DOOR"
"NDC HCI jababeka","260409T070","CGS-DOOR TO POR"
"NDC HCI jababeka","260409T071","CGS-DOOR TO POR"
"NDC HCI jababeka","260409T072","CGS-DOOR TO POR"
"NDC HCI jababeka","260410T048","PB-PORT TO DOOR"
"NDC HCI jababeka","260410T050","PB-PORT TO DOOR"
"NDC HCI jababeka","260410T064","PB-PORT TO DOOR"
"NDC HCI jababeka","260410T065","CGS-DOOR TO POR"
"NDC HCI jababeka","260410T066","CGS-DOOR TO POR"
"NDC HCI jababeka","260410T067","CGS-DOOR TO POR"
"NDC HCI jababeka","260411T048","PB-PORT TO DOOR"
"NDC HCI jababeka","260411T027","PB-PORT TO DOOR"
"NDC HCI jababeka","260411T066","CGS-DOOR TO POR"
"NDC HCI jababeka","260411T067","CGS-DOOR TO POR"
"NDC HCI jababeka","260411T068","CGS-DOOR TO POR"
"NDC HCI jababeka","260412T027","PB-PORT TO DOOR"
"NDC HCI jababeka","260412T070","CGS-DOOR TO POR"
"NDC HCI jababeka","260412T074","CGS-DOOR TO POR"
"NDC HCI jababeka","260413T070","PB-PORT TO DOOR"
"NDC HCI jababeka","260413T079","CGS-DOOR TO POR"